1;https://telegra.ph/Sajmon-i-programma-Homo-Sapiens-04-18-25
2;https://telegra.ph/Sajmon-i-programma-Homo-Sapiens-04-18-26
3;https://telegra.ph/Sajmon-i-programma-Homo-Sapiens-04-18-27
4;https://telegra.ph/Sajmon-i-programma-Homo-Sapiens-04-18-28
5;https://telegra.ph/Sajmon-i-programma-Homo-Sapiens-04-18-29
6;https://telegra.ph/Sajmon-i-programma-Homo-Sapiens-04-18-30
7;https://telegra.ph/Sajmon-i-programma-Homo-Sapiens-04-18-31
8;https://telegra.ph/Sajmon-i-programma-Homo-Sapiens-04-18-32
9;https://telegra.ph/Sajmon-i-programma-Homo-Sapiens-04-18-33
10;https://telegra.ph/Sajmon-i-programma-Homo-Sapiens-04-18-34
11;https://telegra.ph/Sajmon-i-programma-Homo-Sapiens-04-18-35
12;https://telegra.ph/Sajmon-i-programma-Homo-Sapiens-04-18-36
13;https://telegra.ph/Sajmon-i-programma-Homo-Sapiens-04-18-37
14;https://telegra.ph/Sajmon-i-programma-Homo-Sapiens-04-18-38
15;https://telegra.ph/Sajmon-i-programma-Homo-Sapiens-04-18-39
16;https://telegra.ph/Sajmon-i-programma-Homo-Sapiens-04-18-40
17;https://telegra.ph/Sajmon-i-programma-Homo-Sapiens-04-18-41
18;https://telegra.ph/Sajmon-i-programma-Homo-Sapiens-04-18-42
19;https://telegra.ph/Sajmon-i-programma-Homo-Sapiens-04-18-43
20;https://telegra.ph/Sajmon-i-programma-Homo-Sapiens-04-18-44
21;https://telegra.ph/Sajmon-i-programma-Homo-Sapiens-04-18-45
22;https://telegra.ph/Sajmon-i-programma-Homo-Sapiens-04-18-46
23;https://telegra.ph/Sajmon-i-programma-Homo-Sapiens-04-18-47
24;https://telegra.ph/Sajmon-i-programma-Homo-Sapiens-04-18-48
25;https://telegra.ph/Sajmon-i-programma-Homo-Sapiens-04-18-49
26;https://telegra.ph/Sajmon-i-programma-Homo-Sapiens-04-18-50
27;https://telegra.ph/Sajmon-i-programma-Homo-Sapiens-04-18-51
28;https://telegra.ph/Sajmon-i-programma-Homo-Sapiens-04-18-52
29;https://telegra.ph/Sajmon-i-programma-Homo-Sapiens-04-18-53
30;https://telegra.ph/Sajmon-i-programma-Homo-Sapiens-04-18-54
31;https://telegra.ph/Sajmon-i-programma-Homo-Sapiens-04-18-55
32;https://telegra.ph/Sajmon-i-programma-Homo-Sapiens-04-18-56
33;https://telegra.ph/Sajmon-i-programma-Homo-Sapiens-04-18-57
34;https://telegra.ph/Sajmon-i-programma-Homo-Sapiens-04-18-58
35;https://telegra.ph/Sajmon-i-programma-Homo-Sapiens-04-18-59
36;https://telegra.ph/Sajmon-i-programma-Homo-Sapiens-04-18-60
37;https://telegra.ph/Sajmon-i-programma-Homo-Sapiens-04-18-61
38;https://telegra.ph/Sajmon-i-programma-Homo-Sapiens-04-18-62
39;https://telegra.ph/Sajmon-i-programma-Homo-Sapiens-04-18-63
40;https://telegra.ph/Sajmon-i-programma-Homo-Sapiens-04-18-64
41;https://telegra.ph/Sajmon-i-programma-Homo-Sapiens-04-18-65
42;https://telegra.ph/Sajmon-i-programma-Homo-Sapiens-04-18-66
43;https://telegra.ph/Sajmon-i-programma-Homo-Sapiens-04-18-67
44;https://telegra.ph/Sajmon-i-programma-Homo-Sapiens-04-18-68
45;https://telegra.ph/Sajmon-i-programma-Homo-Sapiens-04-18-69
46;https://telegra.ph/Sajmon-i-programma-Homo-Sapiens-04-18-70
47;https://telegra.ph/Sajmon-i-programma-Homo-Sapiens-04-18-71
48;https://telegra.ph/Sajmon-i-programma-Homo-Sapiens-04-18-72
49;https://telegra.ph/Sajmon-i-programma-Homo-Sapiens-04-18-73
50;https://telegra.ph/Sajmon-i-programma-Homo-Sapiens-04-18-74
51;https://telegra.ph/Sajmon-i-programma-Homo-Sapiens-04-18-75
52;https://telegra.ph/Sajmon-i-programma-Homo-Sapiens-04-18-76
53;https://telegra.ph/Sajmon-i-programma-Homo-Sapiens-04-18-77
54;https://telegra.ph/Sajmon-i-programma-Homo-Sapiens-04-18-78
55;https://telegra.ph/Sajmon-i-programma-Homo-Sapiens-04-18-79
56;https://telegra.ph/Sajmon-i-programma-Homo-Sapiens-04-18-80
57;https://telegra.ph/Sajmon-i-programma-Homo-Sapiens-04-18-81
58;https://telegra.ph/Sajmon-i-programma-Homo-Sapiens-04-18-82
59;https://telegra.ph/Sajmon-i-programma-Homo-Sapiens-04-18-83
60;https://telegra.ph/Sajmon-i-programma-Homo-Sapiens-04-18-84
61;https://telegra.ph/Sajmon-i-programma-Homo-Sapiens-04-18-85
62;https://telegra.ph/Sajmon-i-programma-Homo-Sapiens-04-18-86
63;https://telegra.ph/Sajmon-i-programma-Homo-Sapiens-04-18-87
64;https://telegra.ph/Sajmon-i-programma-Homo-Sapiens-04-18-88
65;https://telegra.ph/Sajmon-i-programma-Homo-Sapiens-04-18-89
66;https://telegra.ph/Sajmon-i-programma-Homo-Sapiens-04-18-90
67;https://telegra.ph/Sajmon-i-programma-Homo-Sapiens-04-18-91
